name,age,season,Notes
Vince Carter,43.0,22.0,12
Dirk Nowitzki,40.0,21.0,18
Kobe Bryant,37.0,20.0,17
Kevin Garnett,40.0,20.0,23
Jason Terry,42.0,19.0,8
Paul Pierce,39.0,19.0,13
Tim Duncan,40.0,19.0,27
Derek Fisher,39.0,18.0,6
Steve Nash,41.0,18.0,5
Ray Allen,41.0,18.0,14
Nazr Mohammed,39.0,18.0,13
Elton Brand,37.0,17.0,14
Chauncey Billups,37.0,17.0,27
Richard Jefferson,38.0,17.0,8
Jerry Stackhouse,38.0,17.0,23
Mike Miller,38.0,17.0,25
Jason Kidd,40.0,17.0,10
Zach Randolph,38.0,17.0,18
Juwan Howard,40.0,17.0,11
Shawn Marion,37.0,16.0,10
Grant Hill,40.0,16.0,20
Antawn Jamison,38.0,16.0,7
Dwyane Wade,37.0,16.0,43
Al Harrington,35.0,16.0,15
Rasheed Wallace,38.0,15.0,7
David West,38.0,15.0,16
Marvin Williams,34.0,15.0,22
Shaquille O'Neal,39.0,15.0,19
Theo Ratliff,38.0,15.0,23
Luol Deng,34.0,15.0,25
Tracy McGrady,34.0,15.0,19
Shaun Livingston,34.0,14.0,26
Stephen Jackson,37.0,14.0,19
Allen Iverson,38.0,14.0,12
Caron Butler,37.0,14.0,14
Nick Collison,37.0,14.0,13
Antonio McDyess,37.0,14.0,9
Boris Diaw,36.0,14.0,12
Matt Barnes,37.0,14.0,9
Leandro Barbosa,37.0,14.0,15
Andrew Bogut,36.0,14.0,36
Brad Miller,36.0,14.0,11
Corey Maggette,34.0,14.0,22
Jose Calderon,38.0,14.0,21
Tayshaun Prince,37.0,14.0,5
Tony Battie,37.0,14.0,13
Al Jefferson,34.0,14.0,15
Richard Hamilton,37.0,14.0,19
Channing Frye,36.0,13.0,6
Steve Blake,37.0,13.0,9
DeShawn Stevenson,35.0,13.0,8
Carlos Boozer,36.0,13.0,7
Stephon Marbury,40.0,13.0,6
Kris Humphries,34.0,13.0,12
Jeff Foster,35.0,13.0,19
Earl Watson,35.0,13.0,7
Kevin Ollie,37.0,13.0,10
Joel Przybilla,34.0,13.0,22
Quentin Richardson,34.0,13.0,15
Keyon Dooling,34.0,13.0,24
Andrei Kirilenko,34.0,13.0,19
Jason Collins,35.0,13.0,14
Anthony Carter,38.0,13.0,9
Jason Richardson,34.0,13.0,8
Shane Battier,35.0,13.0,9
Zydrunas Ilgauskas,36.0,13.0,14
Michael Redd,34.0,12.0,10
Ronnie Price,35.0,12.0,14
Marcin Gortat,36.0,12.0,8
Willie Green,35.0,12.0,13
Raja Bell,37.0,12.0,10
David Lee,34.0,12.0,17
Antoine Walker,35.0,12.0,5
Jason Williams,35.0,12.0,14
DeSagana Diop,32.0,12.0,20
Matt Bonner,36.0,12.0,27
Luke Ridnour,35.0,12.0,9
James Posey,36.0,12.0,14
Brian Cardinal,36.0,12.0,30
Kevin Martin,33.0,12.0,14
Adonal Foyle,35.0,12.0,18
Eduardo Najera,36.0,12.0,28
Corey Brewer,34.0,12.0,6
Brian Scalabrine,34.0,11.0,25
Eddy Curry,30.0,11.0,20
Jared Jeffries,31.0,11.0,12
Chuck Hayes,33.0,11.0,2
Sean Marks,36.0,11.0,35
Dorell Wright,34.0,11.0,24
Darko Milicic,29.0,10.0,14
Malik Allen,36.0,10.0,18
Josh Howard,36.0,10.0,20
Martell Webster,30.0,10.0,13
Jason Maxiell,34.0,10.0,7
Aaron Brooks,35.0,10.0,9
Darren Collison,31.0,10.0,8
Ronny Turiaf,33.0,10.0,14
Mehmet Okur,33.0,10.0,15
Royal Ivey,32.0,10.0,11
Greg Ostertag,38.0,10.0,2
Luke Walton,33.0,10.0,11
Jarron Collins,32.0,10.0,5
Evan Turner,32.0,10.0,12
Roy Hibbert,31.0,9.0,10
Steve Francis,33.0,9.0,13
Anthony Parker,37.0,9.0,12
Chris Duhon,31.0,9.0,6
Melvin Ely,38.0,9.0,35
Ryan Gomes,33.0,8.0,6
Yao Ming,30.0,8.0,11
Trevor Booker,32.0,8.0,6
Jon Leuer,31.0,8.0,14
Darius Songaila,37.0,8.0,10
T.J. Ford,28.0,8.0,17
Andres Nocioni,37.0,8.0,3
Primoz Brezec,37.0,8.0,13
Earl Barron,36.0,8.0,10
Kevin Seraphin,30.0,7.0,7
Charlie Bell,37.0,7.0,12
Gary Neal,34.0,7.0,6
Tiago Splitter,33.0,7.0,14
Ime Udoka,35.0,7.0,2
Aaron Gray,30.0,7.0,14
Daniel Gibson,29.0,7.0,19
Stephen Graham,33.0,6.0,17
Bostjan Nachbar,37.0,6.0,5
Chris Quinn,30.0,6.0,14
Brandon Roy,28.0,6.0,5
Ronald Dupree,33.0,6.0,15
Mirza Teletovic,33.0,6.0,5
Fabricio Oberto,35.0,6.0,6
Dan Dickau,33.0,6.0,3
Vladimir Stepania,32.0,6.0,3
Kelenna Azubuike,31.0,5.0,6
Landry Fields,28.0,5.0,7
Travis Diener,32.0,5.0,34
Paul Davis,31.0,4.0,10
Mario West,31.0,4.0,4
Sean May,31.0,4.0,13
Pops Mensah-Bonsu,32.0,4.0,8
Kendall Marshall,26.0,4.0,2
Laron Profit,35.0,4.0,7
Pablo Prigioni,39.0,4.0,1
Jiri Welsch,38.0,4.0,1
Trajan Langdon,35.0,3.0,4
Greg Oden,28.0,3.0,11
Adam Morrison,29.0,3.0,8
Robbie Hummel,28.0,2.0,3
Coby Karl,32.0,2.0,10
Yaroslav Korolev,29.0,2.0,14
Raul Lopez,36.0,2.0,2
Julius Hodge,31.0,2.0,9
Nolan Smith,27.0,2.0,3
Travis Hansen,33.0,1.0,1
Sasha Kaun,31.0,1.0,7
Kosta Perovic,30.0,1.0,2
Rob Kurz,28.0,1.0,2
(William) Tony Parker,,,50
Emanuel Ginobili / Manu Ginobili,,,44
C.J. Miles,,,37
Bruno Caboclo,,,35
Devin Harris,,,35
Kawhi Leonard,,,35
Tyson Chandler,,,33
Chandler Parsons,,,33
Wilson Chandler,,,33
Jermaine O'Neal,,,32
Andre Iguodala,,,32
Nene / Nene Hilario / Maybyner Hilario,,,29
Steve Novak,,,29
Maurice Ager,,,28
Kyrie Irving,,,27
Derrick Rose,,,27
Jamaal Magloire,,,26
Joakim Noah,,,26
James Michael McAdoo / James McAdoo (Michael),,,26
DeMarre Carroll,,,26
Jose Juan Barea / Jose Barea / J.J. Barea,,,26
Shavlik Randolph,,,25
Thabo Sefolosha,,,25
Chris Andersen,,,25
Drew Gooden,,,25
Danilo Gallinari,,,25
Anderson Varejao,,,24
Eric Gordon,,,24
Kyle Lowry,,,24
Avery Bradley,,,24
Kenyon Martin Sr.,,,24
James Young,,,24
Julyan Stone,,,24
Shannon Brown,,,23
Zaur Pachulia / Zaza Pachulia,,,23
Jameer Nelson,,,23
Ira Newble,,,23
Marquis Daniels,,,23
Troy Murphy,,,23
Kevin Durant,,,22
Kevin Love,,,22
Rajon Rondo,,,22
LeBron James,,,22
Mark Madsen,,,21
Maurice Williams / Mo Williams,,,21
Al Horford,,,21
John Jenkins,,,21
George Hill,,,21
Pau Gasol,,,21
Josh Powell,,,21
Kirk Hinrich,,,21
Louis Amundson / Lou Amundson,,,21
Mickael Pietrus,,,21
LaMarcus Aldridge,,,21
Iman Shumpert,,,21
Kyle Korver,,,21
Brandan Wright,,,20
Ian Mahinmi,,,20
Marco Belinelli,,,20
Tyreke Evans,,,20
Joel Embiid,,,20
Wesley Matthews / Wes Matthews Jr.,,,20
Chris Kaman,,,20
Jimmy Butler,,,20
Louis Williams / Lou Williams,,,20
Lucas Nogueira,,,20
Aron Baynes,,,20
Kendrick Perkins,,,20
Marcus Banks,,,20
Brian Skinner,,,20
Marcus Camby,,,20
Josh McRoberts,,,20
Rodney Hood,,,19
Nicolas Batum,,,19
Patrick Beverley,,,19
Rudy Gay,,,19
Amare Stoudemire / Amar'e Stoudemire,,,19
DeMarcus Cousins,,,19
Deron Williams,,,19
Lorenzen Wright,,,19
Danny Green,,,19
Tyronn Lue,,,19
Daniel Orton,,,19
Tony Allen,,,19
Ersan Ilyasova,,,19
Kosta Koufos,,,19
Stromile Swift,,,19
Kevon Looney,,,19
Victor Oladipo,,,18
Etan Thomas,,,18
Jamal Sampson,,,18
Didier Ilunga-Mbenga / Didier Mbenga / D.J. Mbenga,,,18
Chinanu Onuaku,,,18
Brevin Knight,,,18
Trevor Ariza,,,18
Miles Plumlee,,,18
Reggie Bullock,,,18
Kelvin Cato,,,17
Carmelo Anthony,,,17
Matt Harpring,,,17
Omri Casspi,,,17
Pat Garrity,,,17
Kenny Thomas,,,17
Byron Mullens / B.J. Mullens,,,17
Blake Griffin,,,17
Ricky Rubio,,,17
Andray Blatche,,,17
Jamal Crawford,,,17
Scot Pollard,,,17
Antoine Wright,,,17
Shawne Williams,,,17
Renaldo Balkman,,,17
Andre Roberson,,,17
Gerald Green (b. 1986-01-26),,,17
Gerald Wallace,,,17
T.J. Warren,,,17
Udonis Haslem,,,17
Danny Granger,,,17
J.J. Redick,,,17
Amir Johnson,,,16
Bonzi Wells,,,16
Damian Jones,,,16
Andrea Bargnani,,,16
Gordon Hayward,,,16
Baron Davis,,,16
Vitaly Potapenko,,,16
Linton Johnson III,,,16
Ryan Bowen,,,16
Johan Petro,,,16
Joel Anthony,,,16
Austin Daye,,,16
Jamaal Tinsley,,,16
Jerryd Bayless,,,16
Nikola Pekovic,,,16
Jeremy Lamb,,,16
Luc Richard Mbah a Moute / Luc Mbah a Moute,,,15
Stephen Curry,,,15
Adrian Griffin,,,15
Mike Conley Jr.,,,15
Eddie Jones,,,15
Ben Wallace,,,15
Maceo Baston,,,15
Malcolm Brogdon,,,15
Joe Johnson,,,15
Brandon Rush,,,15
Tornike Shengelia,,,15
Craig Claxton / Speedy Claxton,,,15
Josh Huestis,,,15
Hidayet Turkoglu / Hedo Turkoglu,,,15
Iakovos Tsakalidis / Jake Tsakalidis,,,15
Matt Carroll,,,15
Metta World Peace / Ron Artest,,,15
Michael Beasley,,,15
Sam Cassell,,,15
Rodney Stuckey,,,15
Draymond Green,,,14
DeAndre Liggins,,,14
Calvin Booth,,,14
Chris Bosh,,,14
Devean George,,,14
Erick Dampier,,,14
Clint Capela,,,14
Cody Zeller,,,14
Ivica Zubac,,,14
Larry Nance Jr.,,,14
Hassan Whiteside,,,14
Goran Dragic,,,14
Jason Hart,,,14
Jason Smith,,,14
Jeremy Richardson,,,14
DaJuan Summers,,,14
Gary Harris,,,14
Brook Lopez,,,14
Serge Ibaka,,,14
Skal Labissiere,,,14
Randolph Morris,,,14
Paul Millsap,,,14
Patrick O'Bryant,,,14
Morris Peterson,,,14
Boban Marjanovic,,,14
Bobby Simmons,,,14
Mike Dunleavy Jr.,,,14
Brandon Bass,,,14
Maurice Harkless / Moe Harkless,,,14
Alexis Ajinca / Alex Ajinca,,,14
Taj Gibson,,,13
R.J. Hunter,,,13
Terrence Jones,,,13
Gary Trent Jr.,,,13
Arron Afflalo,,,13
Bryn Forbes,,,13
Austin Croshere,,,13
Thomas Bryant,,,13
Kyrylo Fesenko,,,13
Awvee Storey,,,13
Paul George,,,13
John Wall (Hildred),,,13
Chris Paul,,,13
Emmanuel Mudiay,,,13
Solomon Jones,,,13
Raulzinho Neto / Raul Neto,,,13
Jaylen Brown,,,13
Chris Wilcox,,,13
Isaiah Canaan,,,13
Robert Swift,,,13
Isaiah Whitehead,,,13
Salah Mejri,,,13
Russell Westbrook,,,13
Jake Voskuhl,,,13
Ron Artest / Metta World Peace,,,13
Larry Hughes,,,13
Kyle Singler,,,13
Patrick McCaw,,,13
Alando Tucker,,,13
Von Wafer,,,13
Justin Anderson,,,13
Kristaps Porzingis,,,13
Aleksandar Pavlovic / Sasha Pavlovic,,,13
Dwight Buycks,,,13
Acie Law,,,13
Malcolm Thomas (b. 1988-11-08),,,13
David Harrison,,,13
Bruno Sundov,,,13
Derrick Favors,,,13
Aaron Gordon,,,13
Marcus Morris,,,13
Danuel House,,,12
Zoran Dragic,,,12
Andris Biedrins,,,12
DeAndre' Bembry / DeAndre Bembry,,,12
Derek Anderson,,,12
Dewayne Dedmon,,,12
Will Barton,,,12
Cristiano Felicio,,,12
Solomon Alabi,,,12
Ishmael Smith / Ish Smith,,,12
Eric Bledsoe,,,12
Dion Waiters,,,12
Thomas Gardner,,,12
Demetrius Jackson,,,12
Darrun Hilliard,,,12
Dan Gadzuric,,,12
Alex Poythress,,,12
Garrett Temple,,,12
Darrick Martin,,,12
Alonzo Mourning,,,12
Dwayne Jones,,,12
Tyler Ennis,,,12
Tim Hardaway Jr.,,,12
Victor Claver,,,12
Viktor Khryapa,,,12
Delonte West,,,12
C.J. Wilcox,,,12
Roger Mason Jr.,,,12
Perry Jones III,,,12
Austin Rivers,,,12
Joe Smith (Leynard),,,12
Joey Dorsey,,,12
Otto Porter Jr.,,,12
Jonathon Simmons,,,12
Jordan Mickey,,,12
Bernard Robinson,,,12
Morris Almond,,,12
Charlie Villanueva,,,12
Mike James (Lamont),,,12
Quincy Acy,,,12
Michael Kidd-Gilchrist,,,12
Michael Doleac,,,12
Bradley Beal,,,12
Melvin Frazier Jr.,,,12
Brian Cook,,,12
Kwame Brown,,,12
Lance Stephenson,,,12
Lance Thomas,,,12
Jerome James,,,12
James Johnson,,,12
Jannero Pargo,,,12
James Jones (b),,,12
Reece Gaines,,,12
Reggie Williams,,,12
Robert Williams III,,,11
Derrick Jones Jr.,,,11
Michael Carter-Williams,,,11
Walter Tavares / Edy Tavares,,,11
Randy Brown,,,11
Kenneth Faried,,,11
Derrick Brown,,,11
Robert Horry,,,11
Dikembe Mutombo,,,11
Vladimir Radmanovic,,,11
Sebastian Telfair,,,11
Dexter Pittman,,,11
Khris Middleton,,,11
Mardy Collins,,,11
Dennis Smith Jr.,,,11
Marcus Williams (D.),,,11
Rodrigue Beaubois,,,11
Marcus Smart,,,11
Delon Wright,,,11
Russ Smith,,,11
Yakhouba Diawara,,,11
JaVale McGee,,,11
Linas Kleiza,,,11
Jabari Parker,,,11
Kahlil Felder / Kay Felder,,,11
Tyler Johnson,,,11
Jusuf Nurkic,,,11
Oleksiy Pecherov,,,11
Georgios Papagiannis / Giorgios Papagiannis / George Papagiannis,,,11
Jeremy Lin,,,11
Giannis Antetokounmpo,,,11
Stanislav Medvedenko,,,11
Jeremy Evans,,,11
Fred VanVleet,,,11
Francisco Garcia,,,11
Francisco Elson,,,11
Reggie Evans,,,11
Greg Smith (b. 1991-01-08),,,11
Omer Asik,,,11
Eric Williams,,,11
Jordan McRae,,,11
Steven Hunter,,,11
Shayne Whittington,,,11
Jackie Butler,,,11
Noah Vonleh,,,11
Shabazz Napier,,,11
Nick Young,,,11
Josh Harrellson,,,11
Travis Outlaw,,,11
Treveon Graham,,,11
Dwight Howard,,,11
Jarnell Stokes,,,11
Tristan Thompson,,,11
Ian Clark,,,11
Mike Muscala,,,11
Tim Thomas,,,11
(James) Mike Scott,,,11
Carl Landry,,,11
Darrell Arthur,,,11
Brendan Haywood,,,11
Allen Crabbe,,,11
Chris Mihm,,,11
Courtney Lee,,,11
A.J. Price,,,11
Chris Boucher,,,11
Carlos Delfino,,,11
Chris McCullough,,,11
Chris Douglas-Roberts,,,11
Bill Walker,,,11
Andrew Bynum,,,11
Bobby Jackson,,,11
C.J. Watson,,,11
Ha Seung-Jin,,,10
Anfernee Hardaway / Penny Hardaway,,,10
Ryan Anderson,,,10
Joe Harris,,,10
Alfonzo McKinnie,,,10
Scott Williams,,,10
Malachi Richardson,,,10
Devin Booker,,,10
Samaki Walker,,,10
P.J. Hairston,,,10
Ryan Kelly,,,10
John Henson,,,10
Enes Kanter,,,10
Chris Webber,,,10
Jarvis Hayes,,,10
Terry Rozier,,,10
Donyell Marshall,,,10
Beno Udrih,,,10
Mario Chalmers,,,10
Hilton Armstrong,,,10
James Ennis,,,10
Michael Olowokandi,,,10
Stephen Zimmerman Jr.,,,10
Marshall Plumlee,,,10
Jamison Brewer,,,10
Dominique Jones,,,10
Hasheem Thabeet,,,10
Sonny Weems,,,10
Ryan Hollins,,,10
Danny Fortson,,,10
Hamed Haddadi,,,10
Greg Buckner,,,10
Markieff Morris,,,10
Rick Brunson,,,10
Predrag Stojakovic / Peja Stojakovic,,,10
Kevin Burleson,,,10
Kurt Thomas,,,10
Terrel Harris,,,10
Cameron Payne,,,10
Maurice Ndour / Maurice N'dour,,,10
Zeljko Rebraca,,,10
Kadeem Allen,,,10
Charles Outlaw / Bo Outlaw,,,10
Dahntay Jones,,,10
Alex Acker,,,10
Patrick Patterson,,,10
Lazar Hayward,,,10
Alan Anderson,,,10
Ron Baker,,,10
Georges Niang,,,10
Tony Bradley,,,10
Jonas Valanciunas,,,10
D'Angelo Russell,,,10
Gilbert Arenas,,,10
Eric Piatkowski,,,10
Raymond Felton,,,10
Ray McCallum Jr.,,,10
Lindsey Hunter,,,10
Alonzo Gee,,,9
Maximilian Kleber / Maxi Kleber,,,9
Troy Williams,,,9
Nathan Jawai,,,9
Cory Jefferson,,,9
Terrence Williams,,,9
Maurice Taylor,,,9
Grant Jerrett,,,9
Evan Fournier,,,9
Maurice Evans,,,9
Brandon Knight,,,9
Matthew Dellavedova,,,9
Gabe Pruitt,,,9
Alex Len,,,9
Hamady Ndiaye / Hamady N'Diaye,,,9
Guerschon Yabusele,,,9
D.J. Wilson,,,9
Glen Davis,,,9
Nerlens Noel,,,9
Jordan Hamilton,,,9
Jason Kapono,,,9
Marko Jaric,,,9
Rudy Gobert,,,9
Jonathan Bender,,,9
Luka Doncic,,,9
Ronald Jones / Popeye Jones,,,9
Patrick Mills / Patty Mills,,,9
Kareem Rush,,,9
Robert Covington,,,9
Ricky Davis,,,9
Kent Bazemore,,,9
Cedric Simmons,,,9
Rasual Butler,,,9
Rashard Lewis,,,9
Kobi Simmons,,,9
Kyle Anderson,,,9
Rakeem Christmas,,,9
Cameron Bairstow,,,9
Rafer Alston,,,9
Anthony Davis,,,9
Jon Barry,,,9
Ivan Rabb,,,9
JaKarr Sampson,,,9
Jacque Vaughn,,,9
Jahlil Okafor,,,9
Larry Sanders (b. 1988-11-21),,,9
Jamario Moon,,,9
James Singleton,,,9
Andre Owens,,,9
James White,,,9
Christian Laettner,,,9
Spencer Hawes,,,9
Jarell Eddie,,,9
Jeff Teague,,,9
Marc Gasol,,,9
Sergey Karasev,,,9
Jerome Moiso,,,9
John Lucas III,,,9
Pape Sow,,,9
Damon Jones,,,9
Andre Barrett,,,9
Damon Stoudamire,,,9
Nate Robinson,,,9
DeAndre Jordan,,,9
Devin Ebanks,,,9
Tyrus Thomas,,,9
Michael Ruffin,,,9
Daniel Theis,,,9
DeJuan Blair,,,9
Uros Slokar,,,9
DeMar DeRozan,,,9
Donell Taylor,,,9
Mouhamed Sene / Saer Sene,,,9
Derrick White,,,9
Zach LaVine,,,9
Michael Bradley,,,9
Ed Davis (Adam),,,9
Doug McDermott,,,9
A.J. Hammons,,,9
Dante Exum,,,9
Marcus Thornton (T.),,,8
Chucky Atkins,,,8
Tariq Abdul-Wahad / Olivier Saint-Jean,,,8
Mateen Cleaves,,,8
Tobias Harris,,,8
Alec Burks,,,8
Seth Curry,,,8
Cuttino Mobley,,,8
Nigel Williams-Goss,,,8
Glenn Robinson III,,,8
Cory Joseph,,,8
Luther Head,,,8
J.J. Hickson,,,8
Eric Moreland,,,8
Quinton Ross,,,8
Luke Harangody,,,8
Tom Gugliotta,,,8
Joey Graham,,,8
Ike Anigbogu,,,8
Toni Kukoc,,,8
Tyler Dorsey,,,8
Jacob Evans,,,8
Andre Brown,,,8
Lorenzo Brown,,,8
Dwight Powell,,,8
Dorian Finney-Smith,,,8
Keith Bogans,,,8
Steven Adams,,,8
Keith Van Horn,,,8
Martyn Norris / Moochie Norris,,,8
Nikola Mirotic,,,8
Jonathan Isaac,,,8
Cliff Alexander,,,8
Cleanthony Early,,,8
Justin Reed,,,8
Anthony Brown,,,8
Richie Frahm,,,8
Myles Turner,,,8
Kenny Anderson,,,8
Brent Barry,,,8
Richaun Holmes,,,8
Nando De Colo,,,8
Lamar Odom,,,8
Jared Cunningham,,,8
Quincy Pondexter,,,8
Alex Caruso,,,8
Rawle Marshall,,,8
Jodie Meeks,,,8
Ekpe Udoh,,,8
Roy Devyn Marble / Roy Marble (Devyn),,,8
Brandon Jennings,,,8
Cole Aldrich,,,8
Carlos Arroyo,,,8
Bismack Biyombo,,,8
Caris LeVert,,,8
Tarik Black,,,8
Michael Stewart,,,8
Kyle O'Quinn,,,8
Anthony Morrow,,,8
Tyler Zeller,,,8
Mikki Moore,,,8
Aaron Williams,,,8
Jermaine Jackson,,,8
Juancho Hernangomez / Juan Hernangomez,,,8
Ante Zizic,,,8
Anthony Roberson,,,8
Jared Dudley,,,8
Spencer Dinwiddie,,,8
Dominic McGuire,,,8
Anthony Randolph,,,8
Justin Hamilton (b),,,8
Maciej Lampe,,,8
Julian Wright,,,8
Michael Gbinije,,,8
Kirk Snyder,,,8
Mamadou N'diaye,,,8
Luke Babbitt,,,8
Meyers Leonard,,,8
Marcus Landry,,,8
Jeremy Tyler,,,8
Damion James,,,8
Furkan Korkmaz,,,8
Darvin Ham,,,8
Sun Yue,,,7
Jabari Smith,,,7
Mark Pope,,,7
J.R. Smith,,,7
Rondae Hollis-Jefferson,,,7
Wally Szczerbiak,,,7
Ben Hansbrough,,,7
Jordan Adams,,,7
Tarence Kinsey,,,7
John Crotty,,,7
Derrick Coleman,,,7
Scott Padgett,,,7
Sherron Collins,,,7
Othella Harrington,,,7
Samardo Samuels,,,7
Orlando Johnson,,,7
Wayne Simien,,,7
Sam Dekker,,,7
Malik Beasley,,,7
Michael Sweetney / Mike Sweetney,,,7
Malik Rose,,,7
Manny Harris,,,7
Jeff Withey,,,7
Othello Hunter,,,7
Solomon Hill,,,7
Jalen Jones,,,7
James Augustine,,,7
Monta Ellis,,,7
Aaron McKie,,,7
Jamal Mashburn,,,7
Nikoloz Tskitishvili,,,7
Ryan Broekhoff,,,7
Walter Herrmann,,,7
Willie Cauley-Stein,,,7
Domantas Sabonis / Domas Sabonis,,,7
Chris Crawford (Lee),,,7
Ryan Humphrey,,,7
Desmond Mason,,,7
Walter McCarty,,,7
Brian Grant,,,7
Joel Bolomboy,,,7
Luis Montero,,,7
Terry Mills,,,7
Josh Boone,,,7
Gabe Vincent,,,7
Garret Siler,,,7
Dajuan Wagner,,,7
Nenad Krstic,,,7
Edmond Sumner,,,7
Zhaire Smith,,,7
Tony Wroten Jr.,,,7
Daequan Cook,,,7
Fred Jones,,,7
Quincy Douby,,,7
Matt Costello,,,7
Mitch McGary,,,7
Eddie House,,,7
Lester Hudson,,,7
Eddie Basden,,,7
Rashad Vaughn,,,7
Rashad McCants,,,7
Craig Brackins,,,7
Troy Hudson,,,7
Tyler Honeycutt,,,7
Tyler Hansbrough,,,7
Ty Lawson,,,7
Lauri Markkanen,,,7
Raef LaFrentz,,,7
Esteban Batista,,,7
Randy Foye,,,7
Mike Wilks,,,7
Damian Lillard,,,7
Tyrone Bogues / Muggsy Bogues,,,7
De'Aaron Fox,,,7
Travis Leslie,,,7
Kris Dunn,,,7
Marvin Bagley III,,,7
Justise Winslow,,,7
Isaiah Thomas,,,7
Dejounte Murray,,,7
Vernell Coles / Bimbo Coles,,,7
Juan Sanchez / Pepe Sanchez,,,7
Al Thornton,,,7
Arvydas Macijauskas,,,7
Bobby Jones (Ray),,,7
Juan Dixon,,,7
Adreian Payne,,,7
Charles Smith (Cornelius),,,7
Demetris Nichols,,,7
E'Twaun Moore,,,7
Kemba Walker,,,7
Jumaine Jones,,,7
Aaron Harrison,,,7
Vin Baker,,,7
Yuta Watanabe,,,7
Daniel Ochefu,,,7
Isaiah Hartenstein,,,7
Kyle Kuzma,,,6
Archie Goodwin,,,6
Orien Greene,,,6
Andrew Wiggins,,,6
Lawrence Funderburke,,,6
David Andersen,,,6
Justin Holiday,,,6
Devonte' Graham,,,6
Roshown McLeod,,,6
Rafael Araujo,,,6
Josh Richardson,,,6
Ben Simmons,,,6
Sergei Monia,,,6
Ben Gordon,,,6
Jelani McCoy,,,6
Ronald Murray / Flip Murray,,,6
David Nwaba,,,6
Samuel Dalembert,,,6
Anthony Tolliver,,,6
Devin Brown,,,6
Chandler Hutchison,,,6
Johnathan Motley,,,6
Antonio Daniels,,,6
Yi Jianlian / Jianlian Yi,,,6
Cedric Henderson (E.),,,6
Reggie Jackson (Shon),,,6
Mike Bibby,,,6
Leon Powe,,,6
Ricky Ledo,,,6
Maalik Wayns,,,6
Josh Childress,,,6
Chris Dudley,,,6
Kevin Willis,,,6
Khem Birch,,,6
P.J. Brown,,,6
Keith McLeod,,,6
Loren Woods,,,6
Robin Lopez,,,6
Carrick Felix,,,6
Bryce Drew,,,6
Klay Thompson,,,6
Carlos Rogers,,,6
Rudy Fernandez,,,6
Boniface N'Dong,,,6
Shabazz Muhammad,,,6
Quinn Cook,,,6
Jeff McInnis,,,6
James Harden,,,6
Craig Smith,,,6
Jahidi White,,,6
Timofey Mozgov,,,6
Gordan Giricek,,,6
Glenn Robinson,,,6
Matt Bullard,,,6
Donovan Mitchell,,,6
Gerald Fitch,,,6
Earl Boykins,,,6
Tony Delk,,,6
Christian Wood,,,6
Gary Trent,,,6
Marcus Vinicius Viera de Souza,,,6
Donatas Motiejunas,,,6
Donald Sloan,,,6
Walter Sharpe,,,6
Greivis Vasquez,,,6
Mark Bryant,,,6
Wang Zhizhi / Wang Zhi-Zhi,,,6
Taurean Prince,,,6
Thaddeus Young,,,6
Bill Wennington,,,6
Vlatko Cancar,,,6
Terrance Ferguson,,,6
Henry Sims,,,6
Courtney Sims,,,6
Isaiah Taylor,,,6
Michael Finley,,,6
Gustavo Ayon,,,6
Harold Jamison,,,6
Tamar Slay,,,6
Nick Van Exel,,,6
Viacheslav Kravtsov / Viacheslav Kravstov / Sasha Kravtsov,,,6
Jabari Bird,,,6
Alize Johnson,,,6
Brent Price,,,6
Hakeem Olajuwon,,,6
Obinna Ekezie,,,6
D.J. White,,,6
Jeff Green,,,6
Elliot Williams,,,6
Shammond Williams,,,6
Emeka Okafor,,,6
Andrew Nicholson,,,6
Trey Burke,,,6
Jawad Williams,,,6
Javaris Crittenton,,,6
Dale Davis,,,6
Brice Johnson,,,6
Evan Eschmeyer,,,6
Bracey Wright,,,6
Alan Henderson,,,6
Frank Mason,,,6
Bob Sura,,,6
Sheldon McClellan / Sheldon Mac,,,6
Dalibor Bagaric,,,6
Tyus Jones,,,5
Harrison Barnes,,,5
Kedrick Brown,,,5
Harry Giles,,,5
Lavoy Allen,,,5
Frank Williams,,,5
Robert Sacre,,,5
Robert Pack,,,5
Al-Farouq Aminu,,,5
Lonzo Ball,,,5
Troy Daniels,,,5
Lawrence Roberts,,,5
Erick Strickland,,,5
Erick Green,,,5
Karl-Anthony Towns,,,5
Brandon Ingram,,,5
Torrey Craig,,,5
Henry Ellenson,,,5
Damyean Dotson,,,5
Darnell Jackson,,,5
K.J. McDaniels,,,5
Antoine Carr,,,5
Tyler Lydon,,,5
Nate Wolters,,,5
Thomas Robinson,,,5
Daniel Hamilton,,,5
Paul Zipser,,,5
Theron Smith,,,5
Damjan Rudez,,,5
Gary Payton II,,,5
Robert Archibald,,,5
David Wesley,,,5
London Perrantes,,,5
De'Anthony Melton,,,5
Ramon Sessions,,,5
Zendon Hamilton,,,5
Justin Harper,,,5
Gian Clavell,,,5
Eddie Griffin,,,5
Antonio Harvey,,,5
A.J. Guyton,,,5
Glen Rice Jr.,,,5
Tremaine Fowlkes,,,5
Elfrid Payton,,,5
Mitchell Butler,,,5
Mitchell Robinson,,,5
Festus Ezeli,,,5
Antonio Burks,,,5
Alex Abrines,,,5
Cezary Trybanski,,,5
Billy Owens,,,5
Kyle Weaver,,,5
Tim Quarterman,,,5
Martynas Andriuskevicius,,,5
Tony Mitchell (LaShae),,,5
Frank Ntilikina,,,5
David Wingate,,,5
Tim Hardaway Sr.,,,5
Kostas Antetokounmpo,,,5
Antonio Blakeney,,,5
Randy Livingston,,,5
Brandon Paul,,,5
Terrence Ross,,,5
Ike Diogu,,,5
Derrick McKey,,,5
Donte DiVincenzo,,,5
Bobby Brown,,,5
Shelden Williams,,,5
Diante Garrett,,,5
Shareef Abdur-Rahim,,,5
Andre Dawkins,,,5
Sean Williams,,,5
Malik Hairston,,,5
Steven Hill,,,5
Derrick Caracter,,,5
Jermaine Taylor,,,5
Luke Kornet,,,5
Darius Miller,,,5
Sasha Vujacic,,,5
Chris Mills,,,5
Norman Powell,,,5
Sterling Brown,,,5
Shane Larkin,,,5
John Salmons,,,5
Okaro White,,,5
Joe Alexander,,,5
Jarvis Varnado,,,5
Marcus Fizer,,,5
Ogugua Anunoby / O.G. Anunoby,,,5
Marcus Haislip,,,5
Wesley Johnson / Wes Johnson,,,5
Ognjen Kuzmic / Ognen Kuzmic,,,5
Christian Eyenga,,,5
Joel Freeland,,,5
Stanley Johnson,,,5
Norris Cole (Gene),,,5
John Collins (Martin),,,5
James Lang,,,5
Chris McCray,,,5
Chuck Person,,,5
Jae Crowder,,,5
Willie Warren,,,5
Ruben Patterson,,,5
Chase Budinger,,,5
Olumide Oyedeji,,,5
Ruben Boumtje Boumtje,,,5
Charlie Ward,,,5
Denzel Valentine,,,5
Xavier Henry,,,5
Dennis Schroder,,,5
Jrue Holiday,,,5
Jerami Grant,,,5
Nicolas Claxton,,,5
Dragan Bender,,,5
Jeff Ayres / Jeff Pendergraph,,,5
Alvin Williams,,,5
Shake Milton,,,5
Deyonta Davis,,,5
Daniel Santiago,,,5
Dante Cunningham,,,5
Corie Blount,,,5
Jason Collier,,,5
Cheick Diallo,,,5
JaMychal Green,,,5
Sviatoslav Mykhailiuk / Svi Mykhailiuk,,,5
Diamond Stone,,,5
Anthony Johnson,,,5
T.J. Leaf,,,5
Jordan Crawford,,,5
Jordan Farmar,,,5
Darius Morris,,,5
Cheikh Samb,,,5
Mohamed Bamba / Mo Bamba,,,5
Mangok Mathiang,,,5
Markel Brown,,,5
Jayson Tatum,,,5
Jayson Williams,,,5
Wade Baldwin IV,,,5
Malcolm Lee,,,4
Quincy Miller,,,4
Monty Williams,,,4
Malcolm Miller,,,4
Mile Ilic,,,4
Brandon Clarke,,,4
Lavor Postell,,,4
Ben Uzoh,,,4
C.J. McCollum,,,4
Branden Dawson,,,4
Mengke Bateer,,,4
Nemanja Nedovic,,,4
Luc Longley,,,4
Avery Johnson,,,4
Pavel Podkolzine,,,4
Nicolas Brussino,,,4
Pero Antic,,,4
Lorenzo Williams,,,4
Pervis Ellison,,,4
Nicolas Laprovittola,,,4
Luis Flores,,,4
Patrick Ewing Sr.,,,4
Lonny Baxter,,,4
Peter John Ramos,,,4
Nick Johnson,,,4
Bogdan Bogdanovic,,,4
Mike Harris,,,4
Nick Anderson,,,4
Predrag Savovic,,,4
Pape Sy,,,4
Billy Thomas,,,4
Michael Hawkins,,,4
Marquese Chriss,,,4
Monte Morris,,,4
Lee Nailon,,,4
Mickell Gladness,,,4
Brandon Armstrong,,,4
Matt Geiger,,,4
Marcelinho Huertas / Marcelo Huertas,,,4
Milton Doyle,,,4
Qyntel Woods,,,4
Toure' Murry / Toure Murry,,,4
Hubert Davis,,,4
Alton Ford,,,4
Allonzo Trier,,,4
Tibor Pleiss,,,4
Allan Houston,,,4
Tim Frazier,,,4
Tim James,,,4
Greg Monroe,,,4
Greg Minor,,,4
Grant Long,,,4
Timothe Luwawu-Cabarrot,,,4
Glen Rice Sr.,,,4
Todd MacCulloch,,,4
Toney Douglas,,,4
D.J. Augustine,,,4
Courtney Alexander,,,4
Terance Mann,,,4
Corey Benjamin,,,4
Jaren Jackson Jr.,,,4
Shandon Anderson,,,4
Jaylen Adams,,,4
Andrew Harrison,,,4
Chris Whitney,,,4
Jason Caffey,,,4
Andrew DeClercq,,,4
Jarell Martin,,,4
J.R. Giddens,,,4
Jamie Feick,,,4
James Anderson,,,4
Andre Drummond,,,4
Clarence Weatherspoon,,,4
Jamal Murray,,,4
Sundiata Gaines,,,4
Gary Grant,,,4
Jeff Trepagnier,,,4
Fred Hoiberg,,,4
Donnell Harvey,,,4
Wesley Person,,,4
Will Blalock,,,4
Devin Green,,,4
Will Bynum,,,4
William Parker / Smush Parker,,,4
Derrick Walton Jr.,,,4
Willie Reed,,,4
Derrick Dial,,,4
Darius Miles,,,4
DerMarr Johnson,,,4
Xavier Munford,,,4
Deandre Ayton,,,4
Davon Reed,,,4
Davis Bertans,,,4
Donny Marshall,,,4
Donte Greene,,,4
Walt Williams,,,4
Emanual Davis,,,4
Frank Jackson,,,4
Trenton Hassell,,,4
Damien Inglis,,,4
Erick Barkley,,,4
Eric Snow,,,4
Alec Peters,,,4
Alan Williams,,,4
Doug Christie,,,4
Tyrone Hill,,,4
Tyshawn Taylor,,,4
Eddie Gill,,,4
Earl Clark,,,4
Duje Dukan,,,4
Voshon Lenard,,,4
Jeff Adrien,,,4
Steve Smith (Delano),,,4
Kerry Kittles,,,4
Cartier Martin,,,4
Jon Brockman,,,4
Josh Selby,,,4
Ron Mercer,,,4
Joseph Forte,,,4
Kevin Murphy,,,4
Cherokee Parks,,,4
Ronnie Brewer,,,4
Jordan Hill,,,4
Keita Bates-Diop,,,4
Roy Rogers,,,4
Jordan Bell,,,4
Justin Williams,,,4
Rex Chapman,,,4
Kendall Gill,,,4
Joffrey Lauvergne,,,4
John Holland,,,4
John Thomas,,,4
Josh Smith,,,4
Chris Jefferies,,,4
Jonah Bolden,,,4
Rodney McGruder,,,4
Radoslav Nesterovic / Rasho Nesterovic,,,4
Rodney Carney,,,4
Calbert Cheaney,,,4
Jim Jackson,,,4
Rod Strickland,,,4
Jeremy Pargo,,,4
Romeo Langford,,,4
Lamond Murray,,,4
Lamar Patterson,,,4
Scottie Pippen,,,4
Caleb Swanigan,,,4
Kyle Wiltjer,,,4
Cameron Reddish / Cam Reddish,,,4
Andy Rautins,,,4
Vlade Divac,,,3
Myke Henry,,,3
Tyus Edney,,,3
Robert Hite,,,3
Vander Blue,,,3
Robert Whaley,,,3
Robert Traylor / Tractor Traylor,,,3
Rodney Buford,,,3
Omari Spellman,,,3
Zoran Planinic,,,3
Zion Williamson,,,3
Mindaugas Kuzminskas,,,3
Zhou Qi / Qi Zhou,,,3
Zarko Cabarkapa,,,3
Zach Collins,,,3
Quincy Lewis,,,3
Montrezl Harrell,,,3
Antonis Fotsis,,,3
Will Conroy,,,3
Antonio Lang,,,3
Art Long,,,3
Reggie Hearn,,,3
Abdel Nader,,,3
Wayne Selden Jr.,,,3
Wayne Ellington,,,3
Adam Haluska,,,3
Reggie Jordan,,,3
Antonio Davis,,,3
Mustafa Shakur,,,3
Mychel Thompson,,,3
Rodney Rogers,,,3
Trae Young,,,3
Aleksandar Radojevic,,,3
Andre Miller,,,3
Amal McCaskill,,,3
Amile Jefferson,,,3
Andrae Patterson,,,3
Nikita Morgunov,,,3
Sam Perkins,,,3
Armon Johnson,,,3
Oshae Brissett,,,3
Scott Machado,,,3
Andre Emmett,,,3
Stanley Roberts,,,3
Trey Johnson,,,3
Sean Elliott,,,3
Ben Moore,,,3
Sean Singletary,,,3
Sherman Douglas,,,3
Shelvin Mack,,,3
Sekou Doumbouya,,,3
Olden Polynice,,,3
Semaj Christon,,,3
Milt Palacio,,,3
Nik Stauskas,,,3
Sam Jacobson,,,3
Nigel Hayes,,,3
Salim Stoudamire,,,3
Rodrick Rhodes,,,3
Alex Garcia,,,3
B.J. Armstrong,,,3
Travis Best,,,3
Anthony Peeler,,,3
Nemanja Bjelica,,,3
Sergio Rodriguez,,,3
Todd Day,,,3
Toby Bailey,,,3
Tim Young,,,3
Ruben Wolkowyski,,,3
Pascal Siakam,,,3
Rusty LaRue,,,3
P.J. Tucker,,,3
Ryan Reid,,,3
Terry Davis,,,3
Terrell Brandon,,,3
Terence Morris,,,3
Anthony Bennett,,,3
Taylor Griffin,,,3
Taurean Green,,,3
Semih Erden,,,3
Bruce Brown,,,3
Dewan Hernandez,,,3
Kirk Haston,,,3
Jason Thompson,,,3
Luke Jackson (Ryan),,,3
Kim English,,,3
Joe Young,,,3
Luke Kennard,,,3
Garth Joseph,,,3
Bryant Reeves,,,3
Erik McCree,,,3
Gary Payton,,,3
Jarrett Jack,,,3
Chris Wright,,,3
George Lynch,,,3
Korleone Young,,,3
Devin Robinson,,,3
Jared Reiner,,,3
Gerald Brown,,,3
John Wallace,,,3
Cedi Osman,,,3
Kevin Huerter,,,3
Briante Weber,,,3
Desmon Farmer,,,3
Johnny O'Bryant III,,,3
Marcus Paige,,,3
Johnny Taylor,,,3
Keon Clark,,,3
Jawun Evans,,,3
Chris Singleton,,,3
Clifford Robinson (R.),,,3
Felton Spencer,,,3
C.J. Williams,,,3
Lari Ketner,,,3
Larry Robinson (b. 1968-01-11),,,3
Landry Shamet,,,3
Lazaro Borrell,,,3
Jeryl Sasser,,,3
LaPhonso Ellis,,,3
Drew Barry,,,3
Damien Wilkins,,,3
Doug West,,,3
Doug Overton,,,3
Joe Kleine,,,3
Chris Mullin,,,3
Danny Manning,,,3
Doron Lamb,,,3
Dale Ellis,,,3
Donta Smith,,,3
Chris Herren,,,3
Jeffery Taylor / Jeff Taylor (b),,,3
Don MacLean,,,3
Frank Kaminsky,,,3
Bryce Cotton,,,3
Danny Ferry,,,3
Jeff Pendergraph / Jeff Ayres,,,3
Dion Glover,,,3
Gal Mekel,,,3
Kentavious Caldwell-Pope,,,3
James Southerland,,,3
Derek Strong,,,3
Cory Higgins,,,3
Kelly Olynyk,,,3
Dee Brown (a),,,3
Damone Brown,,,3
Max Strus,,,3
Corliss Williamson,,,3
Josh Davis,,,3
Brandon Hunter,,,3
Isaiah Hicks,,,3
Michael Cage,,,3
Josh Jackson,,,3
Michael Dickerson,,,3
Isaiah Briscoe,,,3
Dan Majerle,,,3
Eddie Robinson,,,3
Mason Plumlee,,,3
Greg Stiemsma,,,3
Charles Cooke,,,3
Dan Langhi,,,3
Hakim Warrick,,,3
Josh Magette,,,3
Hamidou Diallo,,,3
Mike Penberthy,,,3
Charles Jones (Rahmel),,,3
K.Z. Okpala,,,3
Jud Buechler,,,3
Julius Randle,,,3
David Robinson,,,3
Eldridge Recasner,,,3
Dee Brown (b. 1984-08-17),,,3
Matt Maloney,,,3
Kelly Oubre Jr.,,,3
Jack Cooley,,,3
Jamaal Franklin,,,3
Mario Hezonja,,,3
Jalen Lecque,,,3
Mario Kasun,,,3
Jonas Jerebko,,,3
Mark Blount,,,3
Jonathan Kerner,,,3
Chris Carr (Dean),,,3
Dell Curry,,,3
Dzanan Musa,,,3
Jacob Pullen,,,3
Jerome Williams,,,3
Jordan Bone,,,3
Marty Conlon,,,3
Erik Daniels,,,2
Ernest Brown,,,2
Ron Harper,,,2
Elias Harris,,,2
Eugene Jeter / Pooh Jeter,,,2
Anthony Mason Sr.,,,2
Johnny Newman,,,2
Chris Johnson (b. 1985-07-15),,,2
Fab Melo,,,2
Ryan Stack,,,2
Rony Seikaly,,,2
Rui Hachimura,,,2
Chris Garner,,,2
Eric Montross,,,2
Travis Wear,,,2
Chris Childs,,,2
Troy Bell,,,2
Ryan Arcidiacono,,,2
John Williams / Hot Rod Williams,,,2
Alen Smailagic,,,2
Jorge Garbajosa,,,2
Jonny Flynn,,,2
John Starks,,,2
Ty Jerome,,,2
John Celestand,,,2
Eric Murdock,,,2
Joe Stephens,,,2
Josh Hart,,,2
Royce White,,,2
Chris Copeland,,,2
Jaylen Morris,,,2
Felipe Lopez,,,2
T.J. McConnell,,,2
J.R. Bremer,,,2
Grayson Allen,,,2
J.R. Reid,,,2
Curtis Borchardt,,,2
JaJuan Johnson,,,2
Tito Maddox,,,2
Jackson Vroman,,,2
Chucky Brown,,,2
Gorgui Dieng,,,2
Stojko Vrankovic,,,2
Steven Smith,,,2
Jakob Poeltl,,,2
Todd Fuller,,,2
Jalen Rose,,,2
Greg Anthony,,,2
Ivan McFarland,,,2
Isaiah Roby,,,2
Terrance Roberson,,,2
Tim Ohlbrecht,,,2
Tim Legler,,,2
Terry Cummings,,,2
Coty Clarke,,,2
Howard Eisley,,,2
Thanasis Antetokounmpo,,,2
Harold Ellis,,,2
Tierre Brown,,,2
Horace Jenkins,,,2
Horace Grant,,,2
Haywoode Workman,,,2
Steve Kerr,,,2
Gerard King,,,2
Sean Lampley,,,2
Miles Simon,,,2
Andrew Lang,,,2
Gani Lawal,,,2
Tyrone Nesby,,,2
Tracy Murray,,,2
Jerel McNeal,,,2
Travis Knight,,,2
Jermareo Davidson,,,2
James Collins,,,2
Jerome Beasley,,,2
Jerome Jordan,,,2
Jerome Kersey,,,2
Sean Rooks,,,2
Ansu Sesay,,,2
Jerome Richardson / Pooh Richardson,,,2
Shawn Bradley,,,2
Chris Taft,,,2
Shawnelle Scott,,,2
Tony Snell,,,2
Jarrod Uthoff,,,2
Jaren Jackson Sr.,,,2
Tony Bobbitt,,,2
Jared Harper,,,2
Alexander Johnson,,,2
Stacey Augmon,,,2
Jamil Wilson,,,2
Gerald Henderson Jr.,,,2
Gerald Wilkins,,,2
James Webb III,,,2
Tom Hammonds,,,2
James Cotton,,,2
Roger Powell,,,2
David Benoit,,,2
Lucious Harris,,,2
Dragan Tarlac,,,2
Luigi Datome / Gigi Datome,,,2
Ben Davis,,,2
Dillon Brooks,,,2
Bryant Stith,,,2
Arvydas Sabonis,,,2
Paul Shirley,,,2
Markelle Fultz,,,2
Bryon Russell,,,2
Pete Mickeal,,,2
Lonnie Walker IV,,,2
Predrag Drobnjak / Peja Drobnjak,,,2
Adam Harrington,,,2
Leon Smith,,,2
Kris Joseph,,,2
Arnett Moultrie,,,2
Lee Mayberry,,,2
Latrell Sprewell,,,2
Duane Causwell,,,2
Vitor Faverani,,,2
Marreese Speights,,,2
Vinny Del Negro,,,2
Nick Fazekas,,,2
Lance Allred,,,2
Dean Oliver,,,2
Vincent Hunter / Vince Hunter,,,2
Randell Jackson,,,2
Mark West (Andre),,,2
Luis Scola,,,2
Dijon Thompson,,,2
Ben Handlogten,,,2
William Avery / Will Avery,,,2
O.J. Mayo,,,2
Oliver Miller,,,2
Marc Jackson,,,2
Omar Cook,,,2
Malik Sealy,,,2
Will Perdue,,,2
Malcolm Delaney,,,2
Dario Saric,,,2
Marcus Williams (E.),,,2
Othyus Jeffers,,,2
Otis Thorpe,,,2
Norm Richardson,,,2
David Noel,,,2
Nikola Vucevic,,,2
P.J. Dozier,,,2
Lynn Greer,,,2
Bernard James,,,2
Nikola Jokic,,,2
P.J. Washington,,,2
Danny Schayes,,,2
Wesley Iwundu / Wes Iwundu,,,2
Pat Burke,,,2
Wendell Carter Jr.,,,2
Patric Young,,,2
Ndudi Ebi,,,2
Vincent Yarbrough,,,2
Micheal Williams,,,2
Michael Frazier II,,,2
DeMarcus Nelson,,,2
Michael Smith (John) (Providence),,,2
Anzejs Pasecniks,,,2
Kenny Satterfield,,,2
Kenny Hasbrouck,,,2
Vernon Macklin,,,2
Mookie Blaylock,,,2
Ken Johnson,,,2
Charles Barkley,,,2
Mickael Gelabale,,,2
Mike Hall,,,2
Keith Langford,,,2
Antonio Anderson,,,2
Bobby Phills,,,2
Keith Booth,,,2
Keith Askins,,,2
Edrice Adebayo / Bam Adebayo,,,2
De'Andre Hunter,,,2
Rodions Kurucs,,,2
Juwan Morgan,,,2
Charles O'Bannon,,,2
Justin Patton,,,2
Mike Young,,,2
Michael Jordan (J.),,,2
Brian Shaw,,,2
Casey Jacobsen,,,2
Adonis Thomas,,,2
Dwayne Bacon,,,2
Kornel David,,,2
Melvin Sanders,,,2
Michael Curry,,,2
Naz Reid,,,2
Ratko Varda,,,2
Daniel Gafford,,,2
Dana Barros,,,2
Kevin Porter Jr.,,,2
Cedric Ceballos,,,2
Kevin Edwards,,,2
Reggie Miller,,,2
Kostas Papanikolaou,,,2
Yogi Ferrell,,,1
Darius Bazley,,,1
David Stockton,,,1
Gheorghe Muresan,,,1
Xavier Silas,,,1
Yuta Tabuse,,,1
Darius Johnson-Odom,,,1
Darius Garland,,,1
76ers,,,1
Dean Garrett,,,1
Hassan Adams,,,1
Yinka Dare,,,1
DeMarco Johnson,,,1
Darryl Watkins,,,1
Greg Foster,,,1
Deonte Burton,,,1
Zan Tabak,,,1
Darius Washington,,,1
Darrin Hancock,,,1
Guillermo Hernangomez / Willy Hernangomez,,,1
Darrell Armstrong,,,1
Dennis Scott,,,1
Deng Gai,,,1
A.J. Bramlett,,,1
Yakuba Ouattara / Billy Ouattara,,,1
Goga Bitadze,,,1
Curtis Jerrells,,,1
Tim Pickett,,,1
DeQuan Jones,,,1
Tyrone Wallace,,,1
Willie Burton,,,1
Tommy Smith,,,1
Troy Brown Jr.,,,1
Erik Murphy,,,1
Vincent Askew,,,1
Damion Lee,,,1
Dwayne Schintzius,,,1
Victor Alexander,,,1
Vic Law,,,1
Dan Muller,,,1
Vernon Maxwell,,,1
Eric Riley,,,1
Tyler Cavanaugh,,,1
Eric Paschall,,,1
Vassilis Spanoulis,,,1
Tyler Herro,,,1
Eric Maynor,,,1
Eric Griffin,,,1
Ed Gray,,,1
Eddie Johnson (Arnet),,,1
Tyler Ulis,,,1
Alade Aminu,,,1
Thon Maker,,,1
Elie Okobo,,,1
Efthimios Rentzias,,,1
Tyrone Corbin,,,1
Tyrone Grant,,,1
Trey Thompkins,,,1
Trey Lyles,,,1
Vincent Poirier,,,1
Alex Kirk,,,1
Will Solomon,,,1
Alexey Shved,,,1
Detlef Schrempf,,,1
Darington Hobson,,,1
Tony Farmer,,,1
Tony Gaffney,,,1
Tony Massenburg,,,1
Da'Sean Butler,,,1
Dickey Simpkins,,,1
Torraye Braggs,,,1
Garrison Mathews,,,1
Elden Campbell,,,1
Trevor Winter,,,1
Fred Vinson,,,1
Don Reid,,,1
Dontonio Wingfield,,,1
Walker Russell Jr.,,,1
Adam Mokoka,,,1
Duane Ferrell,,,1
Tremont Waters,,,1
Evric Gray,,,1
Etdrick Bohannon,,,1
Ervin Johnson,,,1
Thurl Bailey,,,1
Milos Teodosic / Milos Tedosic,,,1
Herbert Hill,,,1
Cameron Johnson,,,1
Cal Bowdler,,,1
Larry Drew II,,,1
R.J. Barrett,,,1
Larry Johnson (Demetric),,,1
Buddy Hield,,,1
Arthur Johnson,,,1
Priest Lauderdale,,,1
Buck Williams,,,1
Bubba Wells,,,1
Lionel Chalmers,,,1
Peyton Siva,,,1
Lorinza Harrington / Junior Harrington,,,1
Lou Roe,,,1
Bryce Dejean-Jones,,,1
Loy Vaught,,,1
Paul Rogers,,,1
Paul Grant,,,1
Lucas Tischer,,,1
Bakari Hendrix,,,1
Armon Gilliam / Armen Gilliam,,,1
Ky Bowman,,,1
Patrick Christopher,,,1
Khyri Thomas,,,1
Karl Malone,,,1
Antoine Rigaudeau,,,1
Robert Vaden,,,1
Kebu Stewart,,,1
Keith Closs,,,1
Kelan Martin,,,1
Kelly McCarty,,,1
Rick Mahorn,,,1
Rick Fox,,,1
Kendrick Nunn,,,1
Kenrich Williams,,,1
Rex Walters,,,1
Cedric Jackson,,,1
Reggie Slater,,,1
Kevin Salvadori,,,1
Casey Shaw,,,1
Khalid El-Amin,,,1
Khalid Reeves,,,1
Antonius Cleveland,,,1
Luguentz Dort,,,1
Pat Connaughton,,,1
Charles Jones (b. 1957-04-03),,,1
Marquis Teague,,,1
Brandon Williams,,,1
Nick Calathes,,,1
Mate Skelin / Mike Skelin,,,1
Matisse Thybulle,,,1
Brandon Wallace,,,1
Matt Freije,,,1
Matt Janning,,,1
Negele Knight,,,1
Nazareth Mitrou-Long / Naz Mitrou-Long / Naz Long,,,1
Brandon Davies,,,1
Michael Porter Jr.,,,1
Moritz Wagner / Moe Wagner,,,1
Bol Bol,,,1
Bojan Bogdanovic,,,1
Mike Smith (b),,,1
Mitch Richmond,,,1
Mike Taylor,,,1
Mike Tobey,,,1
Mirsad Turkcan,,,1
Nickeil Alexander-Walker,,,1
Marko Milic,,,1
Luke Schenscher,,,1
Marko Guduric,,,1
Bruno Fernando,,,1
Ben McLemore,,,1
Mahmoud Abdul-Rauf / Chris Jackson,,,1
Makhtar Ndiaye / Makhtar N'Diaye,,,1
Bruce Bowen,,,1
Britton Johnson,,,1
Britton Johnsen,,,1
MarShon Brooks,,,1
Oliver Lafayette,,,1
Marcus Cousin (Lynn),,,1
Marcus Georges-Hunt,,,1
Brian Roberts,,,1
Norvel Pelle,,,1
Brian Chase,,,1
Brian Butch,,,1
Mario Elie,,,1
Mark Price,,,1
Mark Strickland,,,1
Kaniel Dickens,,,1
Rodney White,,,1
Thomas Hamilton,,,1
Steve Henson,,,1
Stephen Howard,,,1
James Thomas,,,1
Stephane Lasme,,,1
JamesOn Curry,,,1
Andreas Glyniadakis,,,1
Jan Vesely,,,1
Soumaila Samake,,,1
Chris Wright (b. 1988-09-30),,,1
Jared Sullinger,,,1
Slavko Vranes,,,1
Jarred Vanderbilt,,,1
Jarrett Allen,,,1
Jason Lawson,,,1
Shea Seals,,,1
Andrew Gaze,,,1
Andrew Goudelock,,,1
Shawn Kemp,,,1
Chris Smith (c),,,1
Andrew White III,,,1
Jamel Artis,,,1
Jalen Brunson,,,1
Jaylen Nowell,,,1
Clyde Drexler,,,1
Thomas Garner,,,1
Hersey Hawkins,,,1
Theodore Edwards / Blue Edwards,,,1
Horacio Llamas,,,1
Alvin Jones,,,1
Terry Porter (b. 1963-04-08),,,1
Ibrahim Kutluay / Ibo Kutluay,,,1
Terrico White,,,1
Ira Bowman,,,1
Isaac Austin / Ike Austin,,,1
Isaac Bonga,,,1
Cory Alexander,,,1
Isaiah Rider / J.R. Rider,,,1
Ivano Newbill,,,1
J.R. Henderson,,,1
Ja Morant,,,1
Cody Martin,,,1
Jacob Wiley / Jake Wiley,,,1
Jake Layman,,,1
Jay Williams,,,1
Chris Silva,,,1
Justin Jackson,,,1
Sam Clancy,,,1
Ryan Robertson,,,1
John Amaechi,,,1
John Edwards,,,1
Jon Stefansson,,,1
Anthony Goldwire,,,1
Ruben Garces,,,1
Royce O'Neale,,,1
Jordan Clarkson,,,1
Chris Babb,,,1
Chris Anstey,,,1
Jordan Poole,,,1
Anthony Miller / Pig Miller,,,1
Chimezie Metu,,,1
Ron Grandison / Ronnie Grandison,,,1
Josh Moore,,,1
Romain Sato,,,1
Roko-Leni Ukic / Roko Ukic,,,1
Charles Oakley,,,1
Justin Dentmon,,,1
Chris Gatling,,,1
Joe Wolf,,,1
Shai Gilgeous-Alexander,,,1
Sam Mack,,,1
Jeff Sanders,,,1
Chris Robinson,,,1
Chris Richard,,,1
Chris Owens,,,1
Semi Ojeleye,,,1
Sean Kilpatrick,,,1
Sean Colson,,,1
Sean Banks,,,1
Scotty Hopson,,,1
Jim McIlvaine,,,1
Jimmer Fredette,,,1
Chris Marcus,,,1
Scott Burrell,,,1
Scott Brooks,,,1
Antawn Johnson,,,1
Joe Crispin,,,1
Joe Dumars,,,1
Sam Young,,,1
Jerian Grant,,,1
